\c  out_n_abt;

INSERT INTO users (username, email, password, address, native_language, image_url) VALUES 
('nickolaus dymaikvi', 'nickd@gmail.com', 'password123', '123 Main St, NY, NY, 10001', 'de','https://dummyimage.com/400x400/6e6c6e/e9e9f5.png&text=No+Image'),
('JuliaAndrews', 'juliaAndrews@gmail.com', 'qwerty123', '456 High St, Queenz, NY, 10002', 'en','https://dummyimage.com/400x400/6e6c6e/e9e9f5.png&text=No+Image'),
('NguyenTran', 'NTran@yahoo.com', 'pass1234', '142 Linden blvd, Queenz, NY', 'vi','https://dummyimage.com/400x400/6e6c6e/e9e9f5.png&text=No+Image'),
('MaryKIm', 'maryKim@gmail.com', 'mysecurepassword', '111 concord St, Bronx, NY', 'ko','https://dummyimage.com/400x400/6e6c6e/e9e9f5.png&text=No+Image'),
('DaveLee', 'davelee@hotmail.com', 'mypassword123', '555 Franklin St, Brooklyn, NY', 'zh-CN','https://dummyimage.com/400x400/6e6c6e/e9e9f5.png&text=No+Image'),
('EricDubois', 'ericDubois@gmail.com', 'mypassword123', '777 Broadway, Queens, NY', 'fr','https://dummyimage.com/400x400/6e6c6e/e9e9f5.png&text=No+Image'),
('Edgy', 'edgy65@gmail.com', 'mypa23', '888 Bedford, NY', 'ht','https://dummyimage.com/400x400/6e6c6e/e9e9f5.png&text=No+Image'),
('Mina', 'mina07@gmail.com', 'mypassword123', '179 Thomas lane, Queens Village, NY', 'es','https://dummyimage.com/400x400/6e6c6e/e9e9f5.png&text=No+Image'),
('Dilruba', 'dilruba23@gmail.com', 'my123dil', '17 Forest Street, Queens, NY', 'hi','https://dummyimage.com/400x400/6e6c6e/e9e9f5.png&text=No+Image'),
('Nikesh', 'nikesh11@gmail.com', 'myword1nik23', '228 Linden blvd, Queens, NY', 'bn','https://dummyimage.com/400x400/6e6c6e/e9e9f5.png&text=No+Image'),
('Lennie', 'lennie12@gmail.com', 'passlen123', '127 east 45 street, brooklyn, NY', 'en','https://dummyimage.com/400x400/6e6c6e/e9e9f5.png&text=No+Image'),
('JD', 'jd23@gmail.com', 'jdworld30', '100 east 77st , Manhattan, NY', 'fr','https://dummyimage.com/400x400/6e6c6e/e9e9f5.png&text=No+Image'),
('Carlos', 'carlos47@gmail.com', 'carlopass123', '777 Broad, brooklyn, NY', 'es','https://dummyimage.com/400x400/6e6c6e/e9e9f5.png&text=No+Image'),
('MariaTon', 'MariaTon@gmail.com', 'destiny30', '140 President street, Brooklyn, NY', 'tl','https://dummyimage.com/400x400/6e6c6e/e9e9f5.png&text=No+Image'),
('jacksonwang', 'jacksonjim@gmail.com', 'jacksonhouse30', '222 Weller lane, Queens, NY', 'ja','https://dummyimage.com/400x400/6e6c6e/e9e9f5.png&text=No+Image'),
('AyeshaKhan', 'AyeshaKhan2@gmail.com', 'Khangirl', '888 Broadway, Queens, NY', 'ur','https://dummyimage.com/400x400/6e6c6e/e9e9f5.png&text=No+Image'),
('RhulaNadu', 'rhulaN@gmail.com', 'naduhouseruler', '888 Broadway, Queens, NY', 'ar','https://dummyimage.com/400x400/6e6c6e/e9e9f5.png&text=No+Image'),
('Aamir Kapoor', 'Akapoor@gmail.com', 'akapor007', '888 Jamaica Ave, Queens, NY', 'bn','https://dummyimage.com/400x400/6e6c6e/e9e9f5.png&text=No+Image'),
('Dan Mazzili', 'DanM@gmail.com', 'Mazziliworld30', ' 346 Hunter Ave, Staten island, NY', 'it','https://dummyimage.com/400x400/6e6c6e/e9e9f5.png&text=No+Image'),
('Johannes Bauer', 'jim@gmail.com', 'jBauer1230', '180 Fremont Ave, Staten island, NY', 'de','https://dummyimage.com/400x400/6e6c6e/e9e9f5.png&text=No+Image');


INSERT INTO categories (name) VALUES
('Apartments'),
('Events'),
('Furniture'),
('Homes'),
('Food'),
('Casas'),
('Housing'),
('Language'),
('Other'),
('Activities'),
('Jobs'),
('Rentals');


INSERT INTO jobs(user_id, job_title, company, email, location, posted_date, job_type, description, native_language, is_favorite, skills, requirements, salary, logo) VALUES 
(1, 'Shampooer', 'ABC Company', 'shampooer@company.com', 'New York City, NY', '2023-05-26 04:23:50', 'Vollzeit', 'Verantwortlich für das Shampoonieren und Pflegen der Haare der Kunden, um Reinigung und richtige Anwendung von Produkten sicherzustellen. Anwendung von Behandlungen oder tiefenpflegenden Masken gemäß den Anweisungen des Friseurs. Unterstützung bei der Entfernung von Haarfarbe oder anderen chemischen Produkten, falls erforderlich.', 'de', FALSE, 'Erfahrung im Shampoonieren und Reinigen', 'Hauptschulabschluss oder gleichwertig', 15.00, NULL),
(2, 'Cocinero', 'Restaurante XYZ', 'cocinero@restaurante.com', 'Bronx, NY', '2023-05-28 11:00:00', 'Tiempo parcial', 'Responsable de preparar y cocinar alimentos de acuerdo con las recetas, menú y estándares de calidad del restaurante. Técnicas de cocina: Aplicar diversas técnicas de cocción, como asar a la parrilla, saltear, hornear, freír o hervir, para preparar diferentes platos y lograr sabores y texturas deseadas.', 'es', FALSE, 'Experiencia en cocina y preparación de alimentos', 'Se prefiere título en culinaria', 15.75, NULL),
(3, 'Chủ hộ/Chủ hộ', 'Quán cà phê 123', 'hote@cafe.com', 'Queens, NY', '2023-05-15 14:00:00', 'Toàn thời gian', 'Trách nhiệm chính của họ là đón tiếp và hỗ trợ khách hàng, quản lý sắp xếp chỗ ngồi và phối hợp với nhân viên nhà hàng hoặc sự kiện. Quản lý đặt chỗ, đảm bảo tính chính xác và duy trì hệ thống đặt chỗ gọn gàng.', 'vi', FALSE, 'Kỹ năng giao tiếp và phục vụ khách hàng xuất sắc', 'Thời gian làm việc linh hoạt', 15.00, NULL),
(4, '패스트푸드/카운터 직원', 'QuickBites', 'worker@quickbites.com', '브루클린, 뉴욕', '2023-05-29 10:35:00', '파트타임', '저희 팀에 합류할 패스트푸드 직원을 찾고 있습니다! 이상적인 후보는 고객을 환영하고 메뉴를 이해하며 정확한 음식 및 음료 주문을 받는 역할을 맡을 것입니다. 성공적인 후보는 메뉴 항목에 대한 질문에 답변하고 주문을 받으며 정확한 거스름돈을 제공하는 역할을 맡게 됩니다. 우리는 긍정적이고 친근한 환경에서 훌륭한 서비스를 제공하기 위해 헌신하는 개인을 찾고 있습니다. 책임과 역할: 물건 가격을 계산하고 레지스터에서 총액을 고객에게 알립니다. 접시와 유리를 세척합니다. 깔끔하고 정돈된 외모를 유지합니다. 모든 레지스터 거래를 정확하게 완료합니다. 고객의 불만과 우려 사항을 처리합니다. 깨끗하고 정돈된 식당을 유지합니다. 고객에게 신속하게 음식을 제공합니다. 메뉴 항목에 대한 질문에 답변합니다. 한국어 가능', 'ko', FALSE, '빠른 작업 환경에서 작업할 수 있는 능력', '이전 경험은 필요하지 않음', 16.00, NULL),
(5, '游乐/娱乐工作人员', '乐园', 'attendant@funpark.com', '纽约皇后区', '2023-05-30 09:45:00', '季节性', '负责确保游客在我们的游乐园中获得愉快和安全的体验。协助游客选择游乐设施或活动，操作游乐设施，执行安全规定，并提供优质的客户服务。此外，可能需要处理现金交易，保持场地的清洁，并解答任何游客的问题或关注。总体而言，您的角色是在确保游客的安全和满意度的前提下，为他们创造一个积极和愉快的环境。', 'zh-CN', FALSE, '致力于提供出色的客户服务（友好、亲切、乐于助人）。良好的沟通技巧。团队合作精神。在学校/以前的工作经验中取得了成功', '您友好、注重细节，最重要的是，您热爱街机游戏！您擅长让人们感到舒适，同时监控区域以确保我们的客人安全地享受游戏', 18.00, NULL),
(6, 'Usher/Lobby Attendant', 'TheaterX', 'usher@theaterx.com', 'New York, NY','2023-05-31 09:45:00' , 'Part-time', 'We are on the hunt for multiple LOBBY ATTENDENT/USHERS to join our talented team and help execute an outstanding guest experience. In this position, your principal goal will be to prepare high-quality service that meets client''s expectations while being a team player on our exceptional team.', 'en', FALSE, 'High School Diploma, GED, or equivalent, and one year in the service industry', 'To arrive at work for scheduled shifts and be punctual. Ability to stand and walk on sometimes slippery surfaces for extended periods of time. Ability to twist, turn, push, pull, and reach down, forward, and overhead repetitively. Kneel, squat, stoop and crouch frequently.', 17.50, NULL),
(7, 'Kasye', 'ShoeRite Mart', 'cashier@shopritemart.com', 'Brooklyn, NY', '2022-05-30 14:30:00', 'Plen tan', 'Lè w rantre nan ekip nou kòm yon kasye, ou pral responsab pou pwoche ak efikasite achte kliyan yo tout an peryòd ou pwal bay yon bon sèvis pou kenbe kliyan yo retounen ankò ak ankò. Ou pral tou ede nan kenbe magazen an pwòp ak prezante l nan pi bon fason, retounen atik ki mal plase sou ray ak kenbe magazen an pwòp ak bon jan. Pale kreyòl ak angle', 'ht', FALSE, 'Diplòm Sekondè oswa ekivalan prefe. Experyans travay nan yon anviwònman vann nan boutik prefe', 'Dwe kapab fè devwa yo ak oswa san akeyi rezonab. Pwoche achte kliyan yo, fè devwa nètwayaj jeneral ak retounen atik ki mal plase sou ray yo. Founi yon sèvis kliyan eksepsyonèl, asiste kliyan yo nan eksperyans achte yo', 14.50, NULL),
(8, 'Servicios de Protección Recreativa', 'Long Island Beach Resort', 'rps@LIbeachresort.com', 'Nassau, NY', '2023-05-31 11:45:00', 'Temporal', '¿Estás buscando un gran trabajo donde el trabajo sea realmente divertido? ¿Quieres trabajar en algún lugar donde puedas marcar la diferencia, todos los días? ¡Echa un vistazo a Long Island Beach Resort! ¡Somos una franquicia en rápido crecimiento y galardonada que no es una empresa típica! Deberá hablar español e inglés', 'es', FALSE, 'Se requiere experiencia como socorrista certificado, instructor/entrenador de deportes juveniles, consejero de campamento y/o proveedor de cuidado infantil', 'Se requieren dos o más años como instructor de natación', 18.00, NULL),
(9, 'ग्राहक सेवा प्रतिनिधि', 'ऑलहिंदी कॉर्पोरेशन', 'jobs@xyzcorp.com', 'क्वींस, न्यूयॉर्क', '2022-05-09 11:45:00', 'पूर्णकालिक', 'हम एक मित्रवत्ता और ग्राहक-केंद्रित प्रतिनिधि की तलाश में हैं जो प्रश्नों को संभाले और हमारे ग्राहकों को समर्थन प्रदान करे। आदर्श उम्मीदवार को उत्कृष्ट संचार और समस्या समाधान कौशल रखना चाहिए। हमेशा आगे बढ़ने का प्रयास कर रहे हैं ताकि हमारे ग्राहकों की सुरक्षित डेटा प्रबंधन की जरूरतों को सुधारा जा सके। हिंदी बोलने वाले और थोड़ी सी अंग्रेज़ी बोलने वाले व्यक्ति की तलाश है।', 'hi', FALSE, 'उपयोगकर्ता सेवा प्रदान किया जा रहा है सुनिश्चित करने के लिए ग्राहक सेवा प्रबंधक और संचालन निदेशक के साथ एक टीम पर काम करने की क्षमता होनी चाहिए। उत्कृष्ट संचार कौशल और ग्राहक सेवा कौशल होना चाहिए।', 'एक (1) वर्ष का अनुभव। टाइपिंग कौशल (प्राथमिकता से 45-55 wpm) जिसमें 95-100% सटीकता हो।', 16.00, NULL),
(10, 'বিক্রয় প্রতিনিধি', 'বিক্রয় কোম্পানি', 'jobs@salesco.com', 'নিউইয়র্ক, নিউয়র্ক', '2022-05-10 13:30:00', 'পূর্ণ সময়', 'আমরা আমাদের পণ্য এবং সেবাগুলি বিক্রয় করার জন্য একটি অনুপ্রেরিত এবং ফলপ্রাপ্তি-উদ্দীপক বিক্রয় প্রতিনিধির প্রয়োজন। আমাদের প্রবেশপথ স্তরের গ্রাহক সেবা এবং বিক্রয় প্রতিনিধিরা এখনও আমাদের গ্রাহক অ্যাকাউন্টের সাথে যোগাযোগের বিন্দু থাকেন। তারা প্রতিটি গ্রাহকের সাথে সংশ্লিষ্ট থাকেন যাতে আমাদের আরওয়েল ও রাজস্ব বৃদ্ধি হয়ে উঠে। বেঙ্গালি এবং যদি সম্ভব হয় কিছু ইংরেজি ভাষা বলার ব্যক্তি খুঁজছি', 'bn', FALSE, 'অলৌকিক যোগাযোগ দক্ষতা এবং আদালত চালানোর কলা। অবিচলিত সময় ব্যবস্থাপনা দক্ষতা এবং অনেক পরিস্থিতিতে অদ্যতিত হওয়ার সক্ষমতা।', 'উচ্চতর পাঠ্যপুস্তক বা সমমান প্রয়োজন। গ্রাহক সেবা, বিক্রয়, খুদ্দের বা সম্পর্কিত ক্ষেত্রে ১-২ বছরের অভিজ্ঞতা শীঘ্রই প্রশংসিত। অলৌকিক যোগাযোগ দক্ষতা এবং আদালত চালানোর কলা।', 20.00, NULL),
(11, 'Server', 'The Cheesecake Factory', 'server@cheesecakefactory.com', 'New York City', '2023-05-16 02:39:50', 'Part-time', 'As a server, you''ll wow our guests with outstanding service and hospitality. Whether guests are celebrating a special occasion or just spending time with family and friends, our servers go the extra mile to make it memorable.  You''ll help with menu selections, quickly refill beverages and ensure food arrives on time, always delivering warm and friendly interactions. Able to lift up to 35 pounds, and continuously bend, reach and twist: you''re constantly on the move!', 'en', FALSE, 'Excellent communication, hospitality, interpersonal and math skills. Skilled at reading the table and can anticipate your guests'' needs.', 'High school diploma or GED equivalent. Team player: you''re always willing to give and ask for help.', 16.00, NULL),
(12, 'Caissier/Caissière', 'Walmart', 'caissier@walmart.com', 'Brooklyn', '2023-05-16 02:39:50', 'Temps plein', 'Sourire, saluer et remercier les clients avec une attitude positive. Rester debout pendant de longues périodes tout en encaissant rapidement et avec précision les clients. Garder votre espace propre et présentable. Répondre aux questions des clients et les aider dans leurs besoins. Être disponible pour aider les associés dans tout le magasin au besoin. Nous recherchons également une personne capable de parler couramment le français et un peu d''anglais.', 'fr', FALSE, 'Vous prosperez dans les environnements dynamiques. Vous etes un adepte de la multitache. Vous placez la satisfaction des membres au premier plan','Diplome d''études secondaires ou équivalent', 15.35, NULL),
(13, 'Personal de Limpieza', 'Departamento de Educación de la Ciudad de Nueva York', 'janitor@nycdoe.com', 'Queens', '2023-05-16 02:39:50', 'Tiempo completo', 'Responsable de la limpieza y desinfección general de oficinas, baños públicos, áreas comunes, terrenos de la cocina, basura y reciclaje, cambio de apartamentos y todas las tareas básicas de limpieza. Responsable de verificar las órdenes de trabajo y el mantenimiento preventivo asignado, cerrándolas cuando estén completas e incluyendo cualquier parte utilizada. También buscamos a alguien que hable fluido español e inglés.', 'es', FALSE, '1-2 años de experiencia', 'Diploma de escuela secundaria o equivalente. Se prefiere experiencia en carpintería, electricidad y fontanería.', 17.00, NULL),
(14, 'Delivery Driver', 'Dominos Pizza', 'driver@dominos.com', 'Bronx', '2023-05-16 02:39:50', 'Part-time', 'Ang isang delivery driver ng Domino Pizza ay nagdadala ng pagkain sa mga customer nang maagap. Nais ng Domino na maghire ng mga mapagkalinga, masipag, at responsable na mga manggagawa para sa mga trabaho sa paghahatid sa buong bansa. Dapat magpakita ng basic math at problem-solving skills ang mga driver. Upang makapasok sa trabaho sa Domino Pizza, kailangang magpakita ang mga aplikante ng wastong driver license at patunay ng liability insurance. Sa karamihan ng mga kaso, kailangan ng isang delivery driver ng Domino''s Pizza na magkaroon ng malinis na driving record at mapagkakatiwalaang sasakyan. Naghahanap din kami ng taong marunong magsalita ng Tagalog at kaunting Ingles.', 'tl', FALSE, 'Valid drivers license', 'Ang minimum na edad para makapasok bilang isang delivery driver ng Domino''s Pizza ay 18 taong gulang', 15.00, NULL),
(15, 'Sales Associate', 'Macys', 'sales@macys.com', 'Queens', '2023-05-16 02:39:50', 'vary', '直ちに勤務開始可能な即時オープニング。競争力のある時給。ご都合に合わせたスケジュール！ Macy''s とBloomingdalesでの従業員割引あり。ご注意ください - 現在、この役割では対面での面接は必要ありません。この役割に選ばれた場合、電子メールで求人オファーが届きますので、メールをよく確認してください。長時間の歩行と立ち姿勢が頻繁に求められます。レジやハンドヘルド機器を含む、コンピューターや他のテクノロジーの頻繁な使用があります。また、日本語を流暢に話せる人物も募集していますが、英語も一部話せることが望ましいです。', 'ja', FALSE, '特別な教育や経験は必要ありません', '柔軟なスケジュールでの勤務が可能で、日中、夜間、週末、祝日を含む小売業務の時間に対応できること', 19.00, NULL),
(16, 'Housekeeper', 'Clean Sweep Services', 'careers@cleansweepservices.com', 'بروکلین، نیویارک', '2023-04-28 12:00:00', 'پارٹ ٹائم', 'کلین سویپ سروسز بروکلین علاقے میں گھروں اور فلیٹس کو صفائی دینے کے لئے ایک پارٹ ٹائم ہاؤس کیپر کی تعیناتی کر رہا ہے۔ ذمےداریوں میں بستر بنانا، لینن کی تجدید، کمرے اور ہالوں کی صفائی، اور ویکیومنگ شامل ہیں۔ فرشوں کو صاف کریں، پولش کریں، موپ کریں اور چمکائیں۔ قالینوں، رگوں اور کرٹینز کو ویکیومنگ کریں۔ فرشوں، رگوں اور اپہولسٹری کو شیمپو کریں۔ اس کے علاوہ، اردو زبان میں مہارت رکھنے والے افراد کی تلاش کی جا رہی ہے جو کچھ تھوڑی سی انگریزی بول سکتے ہیں۔', 'ur', FALSE, 'صفائی، تنظیم، ٹائم مینجمنٹ', 'صرف 0-1 سال کا تجربہ', 20.00, NULL),
(17, 'رئيس الخدم الفندقية', 'ريفرفرونت إن', 'hr@riverfrontinn.com', 'نيويورك، نيويورك', '2023-05-05 10:00:00', 'دوام كامل', 'تبحث ريفرفرونت إن عن رئيس خدم النظافة لإدارة فريق النظافة لدينا وضمان أن غرف النزلاء دائمًا نظيفة ومجهزة بشكل جيد. المرشح المثالي سيكون لديه خبرة سابقة في خدمة نظافة الفنادق ومهارات قيادية قوية. الانتقال بشكل موثوق أو الخطط للانتقال قبل بدء العمل (مطلوب). كما نبحث عن شخص يتحدث العربية بطلاقة وبعض الإنجليزية.', 'ar', FALSE, 'نظافة، قيادة، إدارة الوقت', 'شهادة الثانوية العامة أو ما يعادلها، خبرة سابقة في خدمة نظافة الفنادق، خبرة في الإشراف', 30.00, NULL),
(18, 'ট্যাক্সি ডিসপ্যাচার', 'গ্রিন ক্যাব', 'dispatcher@greencab.com', 'নিউইয়র্ক সিটি, নিউইয়র্ক', '2022-05-02 10:00:00', 'পার্ট টাইম', 'ডিসপ্যাচ সিস্টেমে তথ্য ঢুকিয়ে হাই ভলিউমে ট্যাক্সি রিজার্ভেশন / লাইভ কলগুলি প্রক্রিয়া করা। আবশ্যকতা অনুযায়ী রাতের অফিস সমন্বয়ক হিসাবে কভারেজ প্রদান করা। যাত্রীদের গাড়ির তথ্য জানানো এবং বিভাগে উত্থাপিত অবস্থানের অনুযায়ী কাজ অগ্রাধিকার করা। প্রয়োজনে অন্য শিফটে সহায়তা করতে সক্ষম হতে হবে, ওভারটাইম কভারেজ সহ। আমরা সহজে বাংলা এবং কিছু ইংরেজী বলতে পারা ব্যক্তি খুঁজছি।', 'bn', FALSE, 'সক্ষম আন্তঃব্যক্তিগত, যোগাযোগ এবং সংগঠনাত্মক দক্ষতা।', 'উচ্চ মাধ্যমিক পাস বা সমতুল্য পর্যায়ের প্রাথমিক শিক্ষা সনদ প্রাপ্তি। ট্যাক্সি / ডিসপ্যাচিং অভিজ্ঞতা একটি প্লাস।', 25.00, NULL),
(19, 'Assistant Cook', ' Italian Community Kitchen', 'cook@communitykitchen.com', 'New York, NY', '2023-05-30 09:00:00', 'Part-time', 'Stiamo cercando un Assistente Cuoco per unirsi al nostro team presso la Community Kitchen. Come Assistente Cuoco, assisterai nella preparazione dei pasti, nella cottura e nel servizio di pasti nutrienti a persone a basso reddito della nostra comunità. È preferibile avere una conoscenza di base della cucina italiana. Deve avere passione per la cucina e il desiderio di avere un impatto positivo sulla vita delle persone. Cerchiamo anche una persona che parli fluentemente italiano ed inglese.', 'it', FALSE, 'Preparazione del cibo, Cottura, Servizio di pasti', 'Diploma di scuola superiore o equivalente, Conoscenza di base della cucina italiana', 22.50, NULL),
(20, 'Einzelhandelsverkäufer', 'Anna Discount Mart', 'sales@discountmart.com', 'Brooklyn, NY', '2023-05-30 14:00:00', 'Vollzeit', 'Discount Mart sucht einen Einzelhandelsverkäufer, um Kunden bei ihren Einkaufsbedürfnissen zu unterstützen. In dieser Rolle bieten Sie freundlichen und hilfsbereiten Service für einkommensschwache Personen, die nach erschwinglichen Produkten suchen. Italienischkenntnisse sind erforderlich, um unsere italienischsprachigen Kunden zu betreuen. Grundkenntnisse im Einzelhandel und ausgezeichnete Kommunikationsfähigkeiten sind erwünscht. Es wird auch eine Person gesucht, die fließend Deutsch und Englisch spricht.', 'de', FALSE, 'Kundenservice, Verkauf, Produktkenntnisse', 'High School-Abschluss oder gleichwertig, Grundkenntnisse im Einzelhandel', 21.75, NULL);



INSERT INTO listings (user_id, description, native_language, image_url, date_posted, price, location, is_applied, is_favorite, title, company, rooms) VALUES 
(1, 'Beautiful 2-bedroom apartment and 1 bath for rent/with Laundry. Apartment features huge living room with stainless steel appliances and microwave. We do not discriminate against people based on their source of income including receipt of rental assistance programs/vouchers or government assistance. A five minute walk to the nearest train station. pet friendly ', 'en', '{"https://res.cloudinary.com/dldvfnn89/image/upload/v1685117772/2bd_jamaica_ave10_n_gsiuly.jpg","https://res.cloudinary.com/dldvfnn89/image/upload/v1685117723/2bd_jamaica_ave06_n_alesfj.jpg","https://res.cloudinary.com/dldvfnn89/image/upload/v1685117717/2bd_jamaica_ave05_n_b1lnmg.jpg","https://res.cloudinary.com/dldvfnn89/image/upload/v1685117712/2bd_jamaica_ave04_n_ocihu6.jpg"}', '2023-05-01', 2000.00 ,'261 Rocky River st. Brooklyn NY 11211',  false, false, 'Spacious Apartment', 'ABC Realty', 2),
(2, 'Apartamento recién renovado de 3 habitaciones, con 1.5 baños, electrodomésticos nuevos de acero inoxidable y amplios armarios. ¡Patio trasero, sí, lo has leído correctamente! Lavadora y secadora (en el lugar, compartidas). A pocos pasos de cafeterías, restaurantes, supermercados, tiendas, tintorerías y más. Autobuses de NYC y autobuses exprés a menos de 5 minutos a pie.', 'es', '{"https://res.cloudinary.com/dldvfnn89/image/upload/v1685376994/333461899_6130355357003158_3955282739333668510_n_pb0ok1.jpg","https://res.cloudinary.com/dldvfnn89/image/upload/v1685376993/331241435_6114636901928736_6324535801240891957_n_ppwqr8.jpg","https://res.cloudinary.com/dldvfnn89/image/upload/v1685376993/334293449_5397438480357403_5519856102618222089_n_imz3hf.jpg","https://res.cloudinary.com/dldvfnn89/image/upload/v1685376994/333603325_5908445955930215_7470195324925700766_n_mm7kl2.jpg"}', '2022-02-15', 2500.00, '9518 Green Hill Street Bronx NY 10468', false, false, 'Casa Grande', 'DEF Realty', 3),
(3, 'Spacieux appartement de 3 chambres avec cuisine équipée offrant beaucoup despace de rangement et une salle à manger séparée, des planchers en bois, de hauts plafonds et de belles grandes chambres. 1 1/2 salles de bains. Beaucoup despace de rangement dans les placards Proche du train, des magasins, de la salle de sport, des restaurants, des cafés et bien plus encore... À seulement quelques minutes de Manhattan! Animaux de compagnie autorisés!', 'fr', '{"https://res.cloudinary.com/dldvfnn89/image/upload/v1685376995/_1bd_1bath_NY_NY4_n_bgmlqt.jpg","https://res.cloudinary.com/dldvfnn89/image/upload/v1685376996/_1bd_1bath_NY_NY9_n_m5pe6r.jpg","https://res.cloudinary.com/dldvfnn89/image/upload/v1685376995/_1bd_1bath_NY_NY2_n_jtmvqo.jpg","https://res.cloudinary.com/dldvfnn89/image/upload/v1685376995/_1bd_1bath_NY_NY5_n_clr7pu.jpg","https://res.cloudinary.com/dldvfnn89/image/upload/v1685376995/_1bd_1bath_NY_NY6_n_fq2ypv.jpg","https://res.cloudinary.com/dldvfnn89/image/upload/v1685376994/_1bd_1bath_NY_NY8_n_kypam5.jpg"}', '2022-03-22', 2500.00, '43 Univserity Ave. Middletown, NY 10940' , false, false, 'Maison de Luxe', 'GHI Realty', 3),
(4, 'Big Recently Renovated 2 Cozy studio apartment with a eat in kitchen near downtown looking over the bridge. Only 5 walk minutes to train station. Separate kitchen with space for dining table. There is washer and dryer in the build. Big living/Sleeping Area, Hardwood Floors. Big Double Closet Build-in. Heat/hot water included. Steps from all Bars, Cafes, Restaurants, Grocery, Shopping……………….', 'en', '{"https://res.cloudinary.com/dldvfnn89/image/upload/v1685376988/349272380_1409873252888386_3132109661737396475_n_gumbrk.jpg","https://res.cloudinary.com/dldvfnn89/image/upload/v1685376988/349141849_580912920898102_398187689017230462_n_pyazwq.jpg"}', '2022-04-15', 1000.00, '8594 South Sugar Ave Astoria, NY 11106', false, false, 'Studio Apartment', 'JKL Realty', 1),
(5, '巨大的客厅！现代化的厨房，不锈钢电器，白色瓷砖背板，花岗岩台面！硬木地板，巨大的窗户，充足的自然光线。位于三楼，需步行上楼，无电梯。建筑内或单位内没有洗衣设备。紧邻纽约市立学院，步行即可到达，距离公园仅三个街区。', 'zh-CN', '{"https://res.cloudinary.com/dldvfnn89/image/upload/v1685376980/348061210_9984865958197505_387814710345616039_n_ox63pe.jpg","https://res.cloudinary.com/dldvfnn89/image/upload/v1685376980/348896731_9747867265225206_523918362352393774_n_ncnjqq.jpg","https://res.cloudinary.com/dldvfnn89/image/upload/v1685376980/348898281_6115803401873448_6276996072755421422_n_rgfgli.jpg","https://res.cloudinary.com/dldvfnn89/image/upload/v1685376980/345244474_6058630247595749_4639971716633736477_n_gbajsa.jpg"}', '2022-05-15', 2000.00, '514 West 136th street#10 New York, NY 10029', false, false, '豪华公寓', 'MNO Realty',2),
(6, 'Neighborhood: Soundview  Location: St. Lawrence & 172nd Street Transportation: 6 Train. Apartment features: Very Spacious, Eat in kitchen, Classic white kitchen appliances, Plenty of closet space Building Amenities: Heat & hot water, Clean and lighted hallways, A front door buzzer, No Dogs, only 1 cat per unit Contact me anytime. Let''s make sure you''re the first to visit this apartment. Allow me to open the door for you!', 'en', '{"https://res.cloudinary.com/dldvfnn89/image/upload/v1685377000/348918163_6340505052678542_3628645908180593801_n_dht8jd.jpg","https://res.cloudinary.com/dldvfnn89/image/upload/v1685376998/347211764_6471597289620092_5434519306949980036_n_ouvqxf.jpg","https://res.cloudinary.com/dldvfnn89/image/upload/v1685376999/347215130_6565282543491502_5830161797195532709_n_sdn2bp.jpg"}', '2023-05-01', 1400.00, '1772 East 172nd street #4k Bronx, NY 10457', false, false, 'Studio apartment in the Bronx', NULL, 1),
(7, 'LAVI KAY LA SE PA NAN APPEL! GARANTI YO AKSEPTE. Pa rele tout randevou yo planifye pa imèl. Yon lojman espase ak 2 chanm sitiyasyon nan twazyèm etaj yon imèb ki gen eskalye. Unit la gen yon gwo kizin/salon konbine, de gwo chanm. Planche bwa atravè tout, ak anpil espas pou mete rad ak bagay.', 'ht', '{"https://res.cloudinary.com/dldvfnn89/image/upload/v1685376988/349090768_3631014230465100_8257859732119380441_n_lsgqxt.jpg","https://res.cloudinary.com/dldvfnn89/image/upload/v1685376989/5485_n_Large_lgkfry.png","https://res.cloudinary.com/dldvfnn89/image/upload/v1685376989/5486_n_Medium_famans.png","https://res.cloudinary.com/dldvfnn89/image/upload/v1685376989/5487_n_Medium_vk0vwn.png"}', '2023-05-01', 1800.00, '7804 North Smith Store Lane Astoria, NY 11103' , FALSE, FALSE, 'Affordable senior housing in Queens', NULL, 2),
(8, 'Unidad de 1 dormitorio disponible en Rosedale, Queens. Amplia unidad de nivel inferior con cocina y baño separados. Abundante espacio de armario junto con almacenamiento adicional y estanterías. La cocina renovada cuenta con nuevos gabinetes blancos y acabados de acero inoxidable. Ducha incluida en el baño. Fácil acceso a las autopistas cercanas y al transporte público del MTA.', 'es', '{"https://res.cloudinary.com/dldvfnn89/image/upload/v1685376995/_1bd_1bath_NY_NY4_n_bgmlqt.jpg","https://res.cloudinary.com/dldvfnn89/image/upload/v1685377002/325592490_1324797355036512_9138660597628639626_n_xlcydk.jpg","https://res.cloudinary.com/dldvfnn89/image/upload/v1685377003/349032019_6291499277606285_5435269428539722195_n_qpaiqm.jpg"}', '2023-05-01', 1295.00, '149-65 254th street #2. Rosedale, NY 11419', FALSE, FALSE, 'Viviendas accesibles para personas mayores en Queens',  NULL, 1),
(9, '宽敞的两居室，拥有充足的自然阳光和壁橱空间。卧室可以轻松容纳一张特大号或大号床、梳妆台和床头柜，配有两个大窗户和一个壁橱。客厅/餐厅可以容纳您的三人座或组合沙发、电视、咖啡桌和餐桌！建筑物保养良好，有住家管理员。 公寓/建筑特点：特大号/大号床，高天花板，不锈钢电器，大量橱柜空间，整个公寓铺有硬木地板，大窗户，充足的阳光，大窗户，住家管理员，更新的厨房，吧台，更新的浴室，建筑物保养良好，接受担保人，居住区域附近有地铁线路。', 'hi', '{"https://res.cloudinary.com/dldvfnn89/image/upload/v1685376986/343916163_9204602126279890_5019524014765604102_n_gyobps.jpg","https://res.cloudinary.com/dldvfnn89/image/upload/v1685376986/342404351_5792254020874964_2211416952198912604_n_xy0kps.jpg","https://res.cloudinary.com/dldvfnn89/image/upload/v1685376987/333777581_5855153634595495_3207510914409371147_n_pyiulx.jpg","https://res.cloudinary.com/dldvfnn89/image/upload/v1685376987/340974853_6269711606425219_9081072333783922512_n_j40pfc.jpg","https://res.cloudinary.com/dldvfnn89/image/upload/v1685376987/341592060_5825229707604915_1371055584538583394_n_cau9ql.jpg","https://res.cloudinary.com/dldvfnn89/image/upload/v1685376986/333768905_9120501634687712_7089367464650979491_n_xwlkqd.jpg"}', '2023-05-08', 1825.00, '879 Lenox Road #D10 Brooklyn, NY 11229', FALSE, FALSE, '布鲁克林的经济实惠公寓。', NULL, 2),
(10, '대형 1베드룸 - 매우 경제적 - 세탁실과 엘리베이터 임대안정화된 보석같은 집! 아파트 - 퀸 사이즈 침실, 넓은 거실, 넉넉한 레이아웃에 침실 내부에 걸어다니기 좋은 옷장이 있습니다. 개조된 대리석 욕실, 별도의 주방 공간 건물 - Freeman Street 6호선과 2호선 역 바로 옆에 편리하게 위치해 있으며, 엘리베이터, 건물 내 세탁실이 있습니다. 빠르게 대응하세요! 빨리 사라질 것입니다!', 'ko', '{"https://res.cloudinary.com/dldvfnn89/image/upload/v1685377001/345567516_6243540082380636_1670733123878573416_n_p1kdg8.jpg","https://res.cloudinary.com/dldvfnn89/image/upload/v1685377001/349131393_6090726367641683_1949853010843844020_n_akdsfr.jpg","https://res.cloudinary.com/dldvfnn89/image/upload/v1686243073/349076384_4880579358733486_2474663998936167045_n_psy3jm.jpg"}', '2023-05-10', 900.00, '675 Harrison Street Bronx, NY 10451', FALSE, FALSE, '다. Whole Foods와 가깝습니다', NULL, 1),
(11, 'Căn hộ một phòng ngủ ở Staten Island cổ điển, đẹp và yên tĩnh Căn hộ rộng lớn, có cửa sổ và ánh sáng mặt trời trong mỗi phòng, Phòng khách rộng rãi và tủ áo 6 feet, Bao gồm nước, Kết nối máy giặt trong căn hộ, Bãi đậu xe đi kèm, Vui lòng gửi email cho tôi về căn hộ tuyệt vời này', 'vi', '{"https://res.cloudinary.com/dldvfnn89/image/upload/v1685452867/S.I._1bd_1bath03_n_hajskg.jpg","https://res.cloudinary.com/dldvfnn89/image/upload/v1685452867/S.I._1bd_1bath01_n_shkjtt.jpg","https://res.cloudinary.com/dldvfnn89/image/upload/v1685452867/S.I._1bd_1bath02_n_ptktwa.jpg"}', '2023-05-13', 1200.00, '10 Kimberly Lane #40A. Staten Island, NY 10312', FALSE, FALSE, 'Căn hộ chung ở Staten Island.', NULL, 1),
(12, 'Pet-friendly spacious 2 bedroom located on the third floor of a walk up building. The unit features a large open kitchen/living room combo, two spacious bedrooms. wood flooring throughout, and ample closet and storage space. Heat and hot water are included. Close to the shopping center. ', 'en', '{"https://res.cloudinary.com/dldvfnn89/image/upload/v1685376992/IMG_9249_1bd.jpg","https://res.cloudinary.com/dldvfnn89/image/upload/v1685376992/IMG_9250_l8nytr.jpg","https://res.cloudinary.com/dldvfnn89/image/upload/v1685376992/IMG_9251_iuztp6.jpg"}', '2023-05-15', 1000.00, '6374 Forest street Woodside, NY 11377', FALSE, FALSE, 'Affordable senior housing in Queens', NULL, 2),
(13, 'Brand new 1 bedroom on the second floor walk-up. Includes heating and hot water. No pets Hardwood flooring New kitchen and bathroom Lots of windows for natural sunlight. The bedroom comes with closet space. Close to public transportation and local schools.', 'en', '{"https://res.cloudinary.com/dldvfnn89/image/upload/v1685376981/IMG_9206_1bd02_s7oixw.png","https://res.cloudinary.com/dldvfnn89/image/upload/v1685376982/IMG_9205_1bd01_j3vwgs.png","https://res.cloudinary.com/dldvfnn89/image/upload/v1685376982/IMG_9207_1bd03_jd56nz.png","https://res.cloudinary.com/dldvfnn89/image/upload/v1685376983/IMG_9208_1bd04_rpq3zs.png"}', '2023-05-01', 1600.00, '8117 Walnut Lane Astoria, Ny 11103', FALSE, FALSE, 'One-Bedroom Apartment in Queens', NULL, 1),
(14, 'Estudio espacioso en el corazón de Flatbush. Habitación grande, mucho espacio de armario, pisos de madera, edificio de época, lavandería en el lugar. Edificio con ascensor, cerca de tiendas, cerca del transporte, a pasos de las líneas de tren 2 y 5. Excelente zona.', 'es', '{"https://res.cloudinary.com/dldvfnn89/image/upload/v1685383884/348955212_922897962331756_1047365756462126755_1bd_1bath_03_n_og9thy.jpg","https://res.cloudinary.com/dldvfnn89/image/upload/v1685383884/348984651_3197594000538338_7059067105194104302_1bd_1bath_04_n_mlhvns.jpg","https://res.cloudinary.com/dldvfnn89/image/upload/v1685383884/348816852_3452485468399725_285662590010363271_1bd_1bath_02_n_yrz6tl.jpg","https://res.cloudinary.com/dldvfnn89/image/upload/v1685383884/348601298_3047841088855268_18213349375347090_1bd_1bath_01_n_wv2zu1.jpg"}', '2023-05-03"}', 1400.00, '251 East 29 street #3A Brooklyn, NY 11210 ', FALSE, FALSE, 'Estudio en Brooklyn.', NULL, 0),
(15, 'Beautiful One bedroom one bath unit. Bedroom has walk in closet. Eat in kitchen with stools . Great location steps from forest park stores and transportation. Tenant pays electric', 'en', '{"https://res.cloudinary.com/dldvfnn89/image/upload/v1685455563/Qns_1bd01_n_c7pnao.jpg","https://res.cloudinary.com/dldvfnn89/image/upload/v1685455563/Qns_1bd06_n_ofejyt.jpg","https://res.cloudinary.com/dldvfnn89/image/upload/v1685455563/Qns_1bd04_n_kpyhez.jpg","https://res.cloudinary.com/dldvfnn89/image/upload/v1685455563/Qns_1bd09_n_j9kcle.jpg","https://res.cloudinary.com/dldvfnn89/image/upload/v1685455563/Qns_1bd05_n_xpzbkc.jpg","https://res.cloudinary.com/dldvfnn89/image/upload/v1685455563/Qns_1bd08_n_ljir6f.jpg","https://res.cloudinary.com/dldvfnn89/image/upload/v1685455563/Qns_1bd03_n_ayfrwu.jpg","https://res.cloudinary.com/dldvfnn89/image/upload/v1685455563/Qns_1bd02_n._lwyv6r.jpg","https://res.cloudinary.com/dldvfnn89/image/upload/v1685455563/Qns_1bd07_n_bavzke.jpg"}', '2023-05-01', 1200.00, '147 S. Bear Hill Ave. Fresh Meadows, NY 11365', FALSE, FALSE,'One-Bedroom Apartment in Queens', NULL, 1),
(16, 'COZY RENT STABILIZED STUDIO AVAILABLE IMMEDIATELY 1 BLOCK FROM KINGS HIGHWAY TRAIN STATION! Apartment features beautiful hardwood floors throughout, large windows with excellent sunlight and separate kitchen with dining area. Well maintained building features live in super. Close to transportation, restaurants, supermarkets, cafes and everything you need. Pets not allowed. Must have good income and credit. Email inquiries only. Showing by appointment only.', 'en', '{"https://res.cloudinary.com/dldvfnn89/image/upload/v1685376985/IMG_9195_studio_bk01_vdvxiy.png","https://res.cloudinary.com/dldvfnn89/image/upload/v1685376985/IMG_9196_studi0_bk02_l3m553.png","https://res.cloudinary.com/dldvfnn89/image/upload/v1685376985/IMG_9197_studio_bk03_nw2x2x.png","https://res.cloudinary.com/dldvfnn89/image/upload/v1685376985/IMG_9198_studio_bk04_gxavqf.png"}', '2023-05-03', 900.00, '7122 Carpenter Ave. Brooklyn, NY 11229', FALSE, FALSE, 'Studio Apartment in Brooklyn', NULL, 0),
(17, 'أجهزة بيضاء، أرضيات خشبية، غرفة معيشة كبيرة، تدفئة ومياه مشمولة! مشرف موجود في الموقع، مشرف يسكن في المبنى، غرف نوم بحجم كوين، الكثير من الضوء الطبيعي. يقع بالقرب من الحديقة.','ar', '{"https://res.cloudinary.com/dldvfnn89/image/upload/v1685376992/2bd_bx_1300_01__n_okmcqd.jpg","https://res.cloudinary.com/dldvfnn89/image/upload/v1685376991/2bd_1bath_bx_1300_02_n_kk0p55.jpg","https://res.cloudinary.com/dldvfnn89/image/upload/v1685376992/2bd_1bath_bx_1300_03_n_riiqdc.jpg","https://res.cloudinary.com/dldvfnn89/image/upload/v1685376991/2bd_1bath_bx_1300_05__hyyx0x.jpg","https://res.cloudinary.com/dldvfnn89/image/upload/v1685376991/2bd_1bath_bx_1300_04__gs50rk.jpg"}', '2023-05-06"}', 1500.00, '79 Eagle Street Bronx, NY 10466', FALSE, FALSE, 'مؤخرًا بواسطة أجهزة جديدة. شقة بغرفتي نوم في برونكس', NULL, 2),
(18, '১ বেডরুম ১ বাথরুম অ্যাপার্টমেন্ট (লেআউট চেক করুন - ৩১৭ বর্গফুট) আকর্ষণীয় সুন্দর পুনর্নির্মাণযোগ্য, পুনর্নির্মাণের অংশে উল্লিখিত ব্রিক ওয়াল, চমকপ্রদ কাঠের মেজাজ, ৮ ফুটের দরজা এবং সুন্দর বাথরুম, অবিশাল রঙের রান্নাঘর যেখানে ক্যাবিনেটের অনেক স্থান, গ্র্যানাইট কাউন্টারটপ, স্টেইনলেস স্টিল প্রয়োজনীয় যন্ত্রপাতি ... ডিমার লাইট, বাসা ভাড়ায় তাপ এবং গরম পানি সংযুক্ত, এক্সপ্রেস এ এবং ১ ট্রেন উভয়েই নিকটবর্তী', 'bn', '{"https://res.cloudinary.com/dldvfnn89/image/upload/v1685376978/IMG_9221_Large_lfpq6q.png","https://res.cloudinary.com/dldvfnn89/image/upload/v1685376978/IMG_9220_Large_b02ndx.png","https://res.cloudinary.com/dldvfnn89/image/upload/v1685376977/IMG_9218_Large_sqtivh.png","https://res.cloudinary.com/dldvfnn89/image/upload/v1685376977/IMG_9222_Large_nmvy1s.png"}', '2023-05-10', 1000.00, '8032 Wintergreen Street New York, NY 10016', FALSE, FALSE, 'ম্যানহাটানে বৃদ্ধ জনদের জন্য একটি একক বেডরুমের আপার্টমেন্ট।', NULL, 1),
(19, 'Affascinante unità in affitto con 3 camere da letto A pochi passi dal Parco Silverlake. Facile percorso per il traghetto, il ponte Verrazano, il campo da golf, tutti i negozi locali, ristoranti e molto altro ancora. Caratteristiche dell appartamento: inclusi riscaldamento e acqua calda, al secondo piano senza ascensore, luminoso e soleggiato, pavimenti in legno lucidato in tutta la casa, soffitti alti, camere da letto con spazio per un letto king-size e queen-size con armadi, ingresso con guardaroba, porta francese verso un ampio soggiorno, ampie finestre in ogni stanza, bagno completo aggiornato con nuove piastrelle, cucina attrezzata con elettrodomestici in acciaio inossidabile, lavanderia nell edificio, supervisore in loco.', 'it', '{"https://res.cloudinary.com/dldvfnn89/image/upload/v1685376974/IMG_9236_Medium_kgikct.png","https://res.cloudinary.com/dldvfnn89/image/upload/v1685376975/IMG_9234_Medium_fedit2.png","https://res.cloudinary.com/dldvfnn89/image/upload/v1685376975/IMG_9239_Medium_eeqqnq.png","https://res.cloudinary.com/dldvfnn89/image/upload/v1685376976/IMG_9237_Medium_jmpvfr.png","https://res.cloudinary.com/dldvfnn89/image/upload/v1685376976/IMG_9235_Medium_jzkn45.png","https://res.cloudinary.com/dldvfnn89/image/upload/v1685376975/IMG_9233_Medium_u5rfwy.png","https://res.cloudinary.com/dldvfnn89/image/upload/v1685376976/IMG_9238_Medium_kzdsjq.png"}', '2023-05-12', 1800.00, '9389 Thorne Drive Staten Island, NY 10312', FALSE, FALSE,' Appartamento di tre camere da letto a Staten Island.', NULL, 3),
(20, 'Geräumige 2 Schlafzimmer Heizung und Warmwasser inklusive, Renoviertes Küche und Badezimmer, Gutes Einkommen und Kredit erforderlich, Zu Fuß erreichbar von allem, Wäscherei im Apartmentkomplex, Haustiere erlaubt, Garagenparkplatz Waschküche im Gebäude, Hausmeister vor Ort', 'de', '{"https://res.cloudinary.com/dldvfnn89/image/upload/v1685453700/S.I.2bd01_n_zgj32m.jpg","https://res.cloudinary.com/dldvfnn89/image/upload/v1685453700/S.I.2bd02_n_xkp9vv.jpg","https://res.cloudinary.com/dldvfnn89/image/upload/v1685453700/S.I.2bd03_n_o7oi3h.jpg","https://res.cloudinary.com/dldvfnn89/image/upload/v1685453700/S.I.2bd04_n_joihil.jpg","https://res.cloudinary.com/dldvfnn89/image/upload/v1685453700/S.I.2bd05_n_s5duob.jpg","https://res.cloudinary.com/dldvfnn89/image/upload/v1685453700/S.I.2bd06_n_yon6gb.jpg"}', '2023-05-16', 1850.00, '61 Frazer street, Staten Island, NY 10312', FALSE, FALSE,'Dreizimmerwohnung in Staten Island.', NULL, 2);


INSERT INTO community_board (user_id, post_title, post_content, image_url, native_language) VALUES
(1, 'Looking for a new recipe to try', 'Im tired of making the same meals all the time. Does anyone have a favorite recipe they like to share?', 'https://res.cloudinary.com/dldvfnn89/image/upload/v1685463606/cld-sample-4.jpg', 'de'),
(2, 'Recomendaciones de libros', 'Me gustaría leer algo nuevo y emocionante. ¿Alguien tiene alguna recomendación de libros?', 'https://res.cloudinary.com/dldvfnn89/image/upload/v1686243509/book-composition-with-open-book_Small_qzqyph.png', 'en'),
(3, 'Conseils pour faire du yoga à la maison', 'Je suis nouveau dans le yoga et j aimerais en faire à la maison. Des conseils pour un débutant?', 'https://res.cloudinary.com/dldvfnn89/image/upload/v1686243718/relaxed-dark-skinned-woman-with-sporty-body_Small_cquoka.png', 'vi'),
(4, 'New hobby ideas', 'I need a new hobby to fill my free time. What are some hobbies that you enjoy?', 'https://res.cloudinary.com/dldvfnn89/image/upload/v1686235857/arts-craft-artistic-artist-design-ideas-concept_jssgut.jpg', 'ko'),
(5, 'Sugerencias de películas', 'Me encanta ver películas en mi tiempo libre. ¿Alguien tiene alguna sugerencia de películas para ver?', 'https://res.cloudinary.com/dldvfnn89/image/upload/v1686244333/celluloid-with-videotape-cinema-tickets_Small_auohra.png', 'zh-CN'),
(6, 'Towers Book Fair', 'Sunday, June 11, 10am 3pm 34th Avenue between 80th & 81st  Streets, Jackson Heights, NY  Books are $2.00 each.', 'https://res.cloudinary.com/dldvfnn89/image/upload/v1686572436/352567826_10229653376427617_7392541404838434450_n.jpg_c2h7ex.jpg','fr'),
(7, 'Masculinidad y femineidad de "SALSA ROSADA" en FuerzaFest  "Salsa Rosada"','la pieza que se desarrolla dentro de los parámetros actor-personaje, masculinidad-femineidad, y recrea la historia de comunidades marginadas, escrita por el venezolano Pablo García Gámez, dirigida por Fernando Vieira, quien también actúa junto a Gustavo Rojo, se presentará en la edición 2023 del Festival Fuerzafest. Celebre la diversidad de género y apoye a los artistas LGBTQ. Del 7 al 18 de Junio. Los esperan seis obras: Un chico normal, Habana Feng Shui, Migrantes, Salsa Rosada Tacones (Rhymes with Cojones) y La armonía de las esferas, en el Julia de Burgos Performance & Arts Center: 1680 Lexington Ave New York, NY 10029.', 'https://res.cloudinary.com/dldvfnn89/image/upload/v1686572497/351496642_917844862740002_7263186428978393034_n.jpg_dqxoty.jpg', 'ht'),
(8, 'STRAY!!! dog', 'dog found from Queens Lost and Found Pets LOST 6/4/23 JACKSON HEIGHTS ***REWARD FOR THE SAFE RETURN!!!***Last seen at 37-53 94 Street. Wearing a pink collar. If seen or found, please call the numbers below.', 'https://res.cloudinary.com/dldvfnn89/image/upload/v1686572752/352805830_649924580495086_163505174536116281_n.jpg_mgrkef.jpg', 'es'),
(9, 'It''s the perfect time for Potty Learning','!USE CODE JN23 for $5 off! Join my Let''s Get This Potty Stared! to begin the Journey! Join my From Dipes to Wipes~#1 Tips to Help Your Child Go #2!to help with poop problems below for more information! https://msha.ke/latchsmith. I am a Certified Lactation Counselor and a Certified Potty Learning Coach. I offer workshops and private consults. I would love to help with your breastfeeding and potty needs! LatchSmith', 'https://res.cloudinary.com/dldvfnn89/image/upload/v1686573001/352392220_808809500859667_1253069317851929991_n_Small_fiwmxx.png', 'hi'),
(10, 'PRIDE PROM 23',' Hosted By Assemblywoman Catalina Cruz Join Assemblywoman Catalina Cruz, Queens Borough President Donovan Richards, and many more for PRIDE PROM!', 'https://res.cloudinary.com/dldvfnn89/image/upload/v1686573223/https___cdn.evbuc.com_images_529692359_343684438597_1_original_Small_toncvh.png', 'bn'),
(11, 'Dog Walker', 'Looking for an experienced dog walker with some patience to walk my rescue who is nervous around strangers. She takes some time to get to know people. She is a mush/lapdog once she is ok.','https://res.cloudinary.com/dldvfnn89/image/upload/v1686573361/352533736_507905551467045_7950210877320115309_n_Small_egt7ig.png','en'),
(12, 'History Pride month', 'Jeanne and Jules Manford were the parents of LGBTQ+ activist and Lawyer Morty Manford. Jeanne was the founder of PFLAG..', 'https://res.cloudinary.com/dldvfnn89/image/upload/v1686573578/352208807_929848071457650_1718250167487729269_n_Small_va3fpq.png','fr'),
(13, 'History Pride month', 'Lorraine Hansberry (1930 ''-''1965) was a playwright, writer, and activist. Her play, “A Raisin in the Sun” (1959), was the first drama by an African American woman produced on Broadway...', 'https://res.cloudinary.com/dldvfnn89/image/upload/v1686573591/352233145_238700062215585_447367495220412331_n_Small_hoi0fo.png','es'),
(14, 'Juneteenth Food','Happy June "Juneteenth Food Traditions with Hue Williams," a 5-part series, continues this week at Baisley Park. Hue Williams, a food historian focusing on the intersectionality of foodways within the African diaspora, will lead a presentation about food and cooking traditions connected to Juneteenth. Participants will have time to share stories about their special dishes and will take a keepsake recipe card home. The series continues throughout June at different library branches in Queens. Please check our events calendar to learn more: https://buff.ly/3MrPy1y', 'https://res.cloudinary.com/dldvfnn89/image/upload/v1686573773/351527784_244124618259661_7859850632306906783_n_Small_hsmxj6.png','tl'),
(15, 'Fight rent increase','Queens neighbors, is your monthly rent overwhelming? Is the possibility of owning your own home completely out of reach? Are you fed up with $ being spent on luxury apartments instead of affordable housing? Queens is becoming unaffordable and THE TIME IS NOW TO TAKE ACTION. We are demanding that the state-owned land at Creedmoor in eastern Queens be used to provide 1,000 new affordable rental units and 300 affordable houses. Let''s fight to keep Queens inclusive! Join us for the Queens Power Rally for 100% Affordability! Sunday, June 11 at 3pm Winchester Blvd. and Union Tpke We will rally to #KeepQueensAffordable! QCH will have buses departing from Forest Hills and Jackson Heights at 2pm. Visit this link to RSVP: https://lnkd.in/eTZbC-sc','https://res.cloudinary.com/dldvfnn89/image/upload/v1686574045/347013595_791740272643782_2870552874009018896_n_Small_v7u2gb.png', 'ja'),
(16, 'Chess teacher','Does anyone know where I can enroll my kids in chess classes. Looking for Chess lessons for my kids! Any info please lmk','https://res.cloudinary.com/dldvfnn89/image/upload/v1686577694/13710_Small_czpwjr.png', 'ur'),
(17, 'Looking for Dentist','Hello if anyone has family members with dentures that needs them cleaned, my school''s dental clinic is offering free denture cleanings to help the senior community. If a regular cleaning is needed we can provide that as well. Message me!', 'https://res.cloudinary.com/dldvfnn89/image/upload/v1686577804/17395_Small_y0xh9g.png','ar'),
(18, 'Help','I came from Dhaka with  tourist visa, I live in Jackson hight. Really I need a cash job.  cause I have many problem without job. Please approve my post admin shaab', 'https://res.cloudinary.com/dldvfnn89/image/upload/v1686578078/red-alphabet-balloons-forming-word-help_Small_sbra2k.png','bn');


INSERT INTO comments (user_id, commenter_name, community_board_id, comment_body) VALUES
(1,'nickolaus dymaikvi', 1, 'I recommend checking out neighborhoods near the downtown area.'),
(2,'JuliaAndrews', 1, 'Looking for a new recipe to try? How about a delicious and healthy Quinoa Salad with roasted vegetables? It is packed with flavor and easy to make. Let me know if you had like the recipe!'),
(3,'NguyenTran', 2, 'Bạn có thể tìm kiếm trên các trang web như Idealista hoặc Fotocasa.'),
(4,'MaryKIm', 2, 'If you need help with the book, I can recommend you a good books..'),
(5,'DaveLee', 1, 'I completely understand feeling tired of making the same meals. One of my favorite recipes to share is a mouthwatering Chicken Alfredo Pasta. It is creamy, savory, and always a hit. If you are interested, I can provide you with the detailed recipe.'),
(6,'EricDubois', 1, 'If youre in the mood for something different, I highly recommend trying a homemade Margherita Pizza. It is a classic Italian recipe with a thin, crispy crust topped with fresh tomatoes, mozzarella cheese, and basil leaves. Let me know if you would like the recipe!'),
(7,'Edgy',1, 'I have recently discovered a fantastic recipe for Thai Red Curry with vegetables and tofu. It is a burst of flavors and perfect for those who enjoy spicy dishes. If you are interested, I had be happy to share the recipe with you!'),
(8,'Mina', 3, 'Pour trouver une maison à louer, je vous conseille de chercher sur Leboncoin ou PAP.'),
(9,'Dilruba', 2, '¡Claro! Te recomendaría leer "Cien años de soledad" de Gabriel García Márquez. Es una novela épica llena de realismo mágico que te transportará a un mundo fascinante.'),
(10,'Nikesh', 2, 'Si te gustan los thrillers, te recomiendo "La sombra del viento" de Carlos Ruiz Zafón. Es una historia misteriosa y cautivadora ambientada en la Barcelona de posguerra.'),
(11,'Lennie', 2, 'Si prefieres la ciencia ficción, te sugiero leer "Dune" de Frank Herbert. Es una obra maestra del género con un universo vasto y personajes memorables.'),
(12,'JD', 1, 'I know the feeling of wanting to switch things up in the kitchen. How about trying a flavorful and comforting Butternut Squash Soup? It is easy to make and perfect for chilly evenings. Let me know if you would like the recipe!'),
(13,'Carlos', 2, 'Una opción interesante es "El alquimista" de Paulo Coelho. Esta novela te invita a reflexionar sobre el sentido de la vida y perseguir tus sueños.'),
(13,'Carlos', 2, 'Si buscas una novela histórica apasionante, te recomiendo "Los pilares de la Tierra" de Ken Follett. Ambientada en la Edad Media, esta obra te sumergirá en intrigas y construcción de catedrales.'),
(14, 'MariaTon', 3, 'Absolutely! To start practicing yoga at home, I recommend finding a quiet and comfortable space where you can relax. You can follow online tutorials for beginners and start with simple poses like Downward Dog and Warrior Pose. Remember to focus on your breath and listen to your body. Happy practicing!'),
(15, 'jacksonwang', 4, 'Exploring new hobbies is always exciting! If you are looking for a creative outlet, you could try painting, drawing, or even pottery. If you enjoy being active, consider hiking, cycling, or dancing. If you prefer a more relaxing hobby, you could try gardening or reading. The possibilities are endless, so choose something that sparks your interest and brings you joy!'),
(16, 'AyeshaKhan', 3, 'Welcome to the world of yoga! For beginners at home, it is important to start slowly and listen to your body. You can begin with short sessions of 10 to 15 minutes and gradually increase the duration. Following guided videos or using yoga apps can help you learn the poses correctly. Remember to stretch and breathe deeply. Happy practicing!'),
(17,'RhulaNadu', 3, 'Je suis ravi que vous souhaitiez essayer le yoga à la maison! Pour les débutants, je recommande de commencer par des séances de yoga doux et d apprendre les bases des postures de base. Vous pouvez également investir dans un tapis de yoga confortable et utiliser des accessoires tels que des blocs et des sangles pour vous aider dans les poses. N oubliez pas découter votre corps et de pratiquer régulièrement. Bonne pratique!'),
(18,'Aamir Kapoor', 3, 'Le yoga à la maison peut être une expérience merveilleuse ! Pour les débutants, je suggère de commencer par des vidéos de yoga pour débutants disponibles en ligne. Cela vous guidera à travers des séances simples et vous aidera à comprendre les bases. Assurez-vous de créer un espace tranquille, d avoir un tapis de yoga confortable et de pratiquer régulièrement pour profiter pleinement des bienfaits du yoga. Bonne pratique!'),
(19,'Dan Mazzili', 3, 'Félicitations pour votre décision de commencer le yoga à la maison ! Pour les débutants, je recommande de commencer par des postures de base telles que la posture de l arbre, le chat-vache et le guerrier. Vous pouvez également essayer la méditation et la respiration profonde pour vous détendre davantage. L important est de pratiquer régulièrement et d être patient avec vous-même. Profitez de votre pratique de yoga à la maison!'),
(20,'Johannes Bauer', 4, 'Finding a new hobby can be a great way to spend your free time! Have you ever considered learning a musical instrument? Playing the guitar, piano, or even the ukulele can be both fun and rewarding. If you are into crafting, you might enjoy knitting, sewing, or even woodworking. Do not be afraid to explore different hobbies until you find the one that truly captivates you!'),
(13,'Carlos', 4, 'It is wonderful that you are looking for a new hobby! How about trying your hand at cooking or baking? Experimenting with new recipes and flavors can be both enjoyable and delicious. If you are interested in wellness, you could explore yoga, meditation, or even start a journaling practice. Do not hesitate to try something completely new and step out of your comfort zone!'),
(15,'jacksonwang', 4, 'When it comes to hobbies, the possibilities are endless! If you are into arts and crafts, you might enjoy painting, origami, or even calligraphy. If you are a nature lover, consider birdwatching, gardening, or photography. For those who love learning, exploring a new language, playing chess, or solving puzzles could be exciting. Remember, hobbies are about having fun and discovering new passions!'),
(4,'MaryKIm', 4, 'Finding a new hobby can be a thrilling adventure! If you enjoy being active, you could try hiking, rock climbing, or even martial arts. If you are a fan of storytelling, writing short stories or starting a blog could be fulfilling. For those who appreciate the arts, learning to play a musical instrument, attending art classes, or visiting museums can be inspiring. Embrace your interests and dive into a new hobby with enthusiasm!');


INSERT INTO fav_jobs (user_id, job_id) VALUES
(1, 5),
(1, 7),
(1, 9),
(2, 12),
(3, 10);


INSERT INTO fav_listings (user_id, listing_id) VALUES
(4, 8),
(5, 14),
(6, 18);


INSERT INTO fav_community_posts (user_id, community_board_id) VALUES
(1, 3),
(2, 5),
(3, 1);